id,term,level,l1_name,active,sort_order,parent_id,canonical_term_id,created_at,updated_at
b93840b8-5c4e-41f9-9371-acd1ea4e8285,交通运输,alias,交通与物流,t,0,,e2cb008b-266d-4404-913f-542673838a69,2026-07-31 18:16:15.541628+08,2026-07-31 18:16:15.541628+08
d4965642-4718-49de-9533-3e0bdbe34c2a,物流,alias,交通与物流,t,0,,e2cb008b-266d-4404-913f-542673838a69,2026-07-31 18:16:15.541628+08,2026-07-31 18:16:15.541628+08
24b58827-a768-416f-b93f-7e05e274012e,信息技术,alias,信息技术与通信,t,0,,bfc7c68e-78a5-4de2-8c4b-bbf0fa0d4f9a,2026-07-31 18:16:15.541628+08,2026-07-31 18:16:15.541628+08
3e6e1458-1b1c-47d7-ab2e-5f38c486dd5f,国防军工,alias,军工,t,0,,75c8a36f-8bdd-4a40-8a5d-5223ab099934,2026-07-31 18:16:15.541628+08,2026-07-31 18:16:15.541628+08
caca43b3-189e-42e7-a727-a0b4d3816cef,先进制造,alias,制造与工业,t,0,,45932d9b-0c5b-4eaf-abd6-f4f87f4c882f,2026-07-31 18:16:15.541628+08,2026-07-31 18:16:15.541628+08
05fcbdfd-64ee-4f76-b6c4-7286c46f61c9,制造业,alias,制造与工业,t,0,,45932d9b-0c5b-4eaf-abd6-f4f87f4c882f,2026-07-31 18:16:15.541628+08,2026-07-31 18:16:15.541628+08
9e4e4ba2-b1e4-41c8-9c1e-4e1da9488ea5,材料,alias,制造与工业,t,0,,45932d9b-0c5b-4eaf-abd6-f4f87f4c882f,2026-07-31 18:16:15.541628+08,2026-07-31 18:16:15.541628+08
fbade2e5-cc4d-4de0-97f4-49b0cb1cf2e1,医疗健康,alias,医药与健康,t,0,,8647abac-20c5-41b0-8b24-4f12657b9fd9,2026-07-31 18:16:15.541628+08,2026-07-31 18:16:15.541628+08
3ff159ec-93ea-4f67-b39b-9cd4f1adea45,医药,alias,医药与健康,t,0,,8647abac-20c5-41b0-8b24-4f12657b9fd9,2026-07-31 18:16:15.541628+08,2026-07-31 18:16:15.541628+08
635ee3e5-998e-40be-9c2d-47bbbfadc83f,医药健康,alias,医药与健康,t,0,,8647abac-20c5-41b0-8b24-4f12657b9fd9,2026-07-31 18:16:15.541628+08,2026-07-31 18:16:15.541628+08
7ec50abb-eac4-463c-80eb-1d2f8c628bd4,大健康,alias,医药与健康,t,0,,8647abac-20c5-41b0-8b24-4f12657b9fd9,2026-07-31 18:16:15.541628+08,2026-07-31 18:16:15.541628+08
95aa4384-579b-4645-b6dd-aac832b85eaf,企业服务,alias,商务与专业服务,t,0,,e02a6e07-abb9-4e14-b550-eccefd7b23af,2026-07-31 18:16:15.541628+08,2026-07-31 18:16:15.541628+08
bcee0d81-21ca-4c43-a6e0-02bbb1e200af,商业流通,alias,商贸与消费,t,0,,8e463190-5368-4068-bb97-6bba70f3cb4f,2026-07-31 18:16:15.541628+08,2026-07-31 18:16:15.541628+08
eddd5c6c-8599-498f-88f9-ae5f3ea7bc10,快速消费品,alias,商贸与消费,t,0,,8e463190-5368-4068-bb97-6bba70f3cb4f,2026-07-31 18:16:15.541628+08,2026-07-31 18:16:15.541628+08
300a6fd0-394b-44ed-ba1f-88d0ce6da84a,消费品,alias,商贸与消费,t,0,,8e463190-5368-4068-bb97-6bba70f3cb4f,2026-07-31 18:16:15.541628+08,2026-07-31 18:16:15.541628+08
464f6b46-6c4d-4670-9fbe-0d496f411843,食品制造业,alias,商贸与消费,t,0,,8e463190-5368-4068-bb97-6bba70f3cb4f,2026-07-31 18:16:15.541628+08,2026-07-31 18:16:15.541628+08
6c3de6c3-72bc-4b4e-843a-3be96f607f6d,工程建设,alias,房地产与建筑,t,0,,3a41e089-9a97-4bab-9916-c9cfd2d73c80,2026-07-31 18:16:15.541628+08,2026-07-31 18:16:15.541628+08
bd407e27-71f6-44ae-8941-8004554feff2,建筑,alias,房地产与建筑,t,0,,3a41e089-9a97-4bab-9916-c9cfd2d73c80,2026-07-31 18:16:15.541628+08,2026-07-31 18:16:15.541628+08
939349f6-3614-4f7a-a7ba-9cf0c3260abb,教育,alias,教育与科研,t,0,,2176b781-5701-420d-abe8-d9f3a4bb720b,2026-07-31 18:16:15.541628+08,2026-07-31 18:16:15.541628+08
9766756c-d438-4845-a425-a76bd1a3e7b1,传媒,alias,文化与传媒,t,0,,040e7a76-b8b2-4efe-8848-40eec02426c2,2026-07-31 18:16:15.541628+08,2026-07-31 18:16:15.541628+08
74f4fd12-afa8-48b6-bc6c-9bde3d3f94ff,文化传媒,alias,文化与传媒,t,0,,040e7a76-b8b2-4efe-8848-40eec02426c2,2026-07-31 18:16:15.541628+08,2026-07-31 18:16:15.541628+08
efad9e12-1ec3-47be-81ee-a136017cb45a,文旅消费,alias,文化与传媒,t,0,,040e7a76-b8b2-4efe-8848-40eec02426c2,2026-07-31 18:16:15.541628+08,2026-07-31 18:16:15.541628+08
ac728467-935d-4605-a7c3-c220a2eafc9c,公用事业,alias,环保与公用事业,t,0,,33fa6943-530a-46d1-b51b-50b5df564b90,2026-07-31 18:16:15.541628+08,2026-07-31 18:16:15.541628+08
7991c468-a1d4-4ef8-b894-30a7ab9bfbee,环保,alias,环保与公用事业,t,0,,33fa6943-530a-46d1-b51b-50b5df564b90,2026-07-31 18:16:15.541628+08,2026-07-31 18:16:15.541628+08
8c82472b-7e08-4303-b586-155c3b474f31,节能环保,alias,环保与公用事业,t,0,,33fa6943-530a-46d1-b51b-50b5df564b90,2026-07-31 18:16:15.541628+08,2026-07-31 18:16:15.541628+08
03b77822-8d52-4546-a192-7f8721a0d3ba,金融服务,alias,金融,t,0,,cb0af43c-6273-4454-baa5-5a9a83a00df7,2026-07-31 18:16:15.541628+08,2026-07-31 18:16:15.541628+08
e2cb008b-266d-4404-913f-542673838a69,交通与物流,l1,交通与物流,t,5,,,2026-07-13 10:34:40.024167+08,2026-07-13 10:34:40.024167+08
bfc7c68e-78a5-4de2-8c4b-bbf0fa0d4f9a,信息技术与通信,l1,信息技术与通信,t,3,,,2026-07-13 10:34:40.024167+08,2026-07-13 10:34:40.024167+08
7e6863b1-7764-4d1d-b471-8ef2888b80e6,其他,l1,其他,t,15,,,2026-07-13 10:34:40.024167+08,2026-07-13 10:34:40.024167+08
75c8a36f-8bdd-4a40-8a5d-5223ab099934,军工,l1,军工,t,13,,,2026-07-13 10:34:40.024167+08,2026-07-13 10:34:40.024167+08
425e9594-9f0c-4b1e-97f8-32e0bdec4c09,农林牧渔,l1,农林牧渔,t,12,,,2026-07-13 10:34:40.024167+08,2026-07-13 10:34:40.024167+08
45932d9b-0c5b-4eaf-abd6-f4f87f4c882f,制造与工业,l1,制造与工业,t,7,,,2026-07-13 10:34:40.024167+08,2026-07-13 10:34:40.024167+08
8647abac-20c5-41b0-8b24-4f12657b9fd9,医药与健康,l1,医药与健康,t,9,,,2026-07-13 10:34:40.024167+08,2026-07-13 10:34:40.024167+08
e02a6e07-abb9-4e14-b550-eccefd7b23af,商务与专业服务,l1,商务与专业服务,t,14,,,2026-07-13 10:34:40.024167+08,2026-07-13 10:34:40.024167+08
8e463190-5368-4068-bb97-6bba70f3cb4f,商贸与消费,l1,商贸与消费,t,8,,,2026-07-13 10:34:40.024167+08,2026-07-13 10:34:40.024167+08
3a41e089-9a97-4bab-9916-c9cfd2d73c80,房地产与建筑,l1,房地产与建筑,t,4,,,2026-07-13 10:34:40.024167+08,2026-07-13 10:34:40.024167+08
2176b781-5701-420d-abe8-d9f3a4bb720b,教育与科研,l1,教育与科研,t,10,,,2026-07-13 10:34:40.024167+08,2026-07-13 10:34:40.024167+08
040e7a76-b8b2-4efe-8848-40eec02426c2,文化与传媒,l1,文化与传媒,t,6,,,2026-07-13 10:34:40.024167+08,2026-07-13 10:34:40.024167+08
33fa6943-530a-46d1-b51b-50b5df564b90,环保与公用事业,l1,环保与公用事业,t,11,,,2026-07-13 10:34:40.024167+08,2026-07-13 10:34:40.024167+08
564b82a3-346d-49cb-b578-682b9a9bd702,能源,l1,能源,t,1,,,2026-07-13 10:34:40.024167+08,2026-07-13 10:34:40.024167+08
cb0af43c-6273-4454-baa5-5a9a83a00df7,金融,l1,金融,t,2,,,2026-07-13 10:34:40.024167+08,2026-07-13 10:34:40.024167+08
6c7b0334-f3e7-4859-bd75-6759764ced52,交通基础设施,l2,交通与物流,t,0,e2cb008b-266d-4404-913f-542673838a69,,2026-07-13 10:34:40.024167+08,2026-07-21 15:34:30.493343+08
c39aeaef-f9b7-4e9a-b032-c8f8aae52942,仓储,l2,交通与物流,t,0,e2cb008b-266d-4404-913f-542673838a69,,2026-07-13 10:34:40.024167+08,2026-07-13 10:34:40.024167+08
505fb3b4-f99d-438c-8ef5-832883db84ab,公路,l2,交通与物流,t,0,e2cb008b-266d-4404-913f-542673838a69,,2026-07-13 10:34:40.024167+08,2026-07-13 10:34:40.024167+08
4c6c0d26-8ff3-4542-98f4-0bb14d982138,出行服务,l2,交通与物流,t,0,e2cb008b-266d-4404-913f-542673838a69,,2026-07-13 10:34:40.024167+08,2026-07-13 10:34:40.024167+08
b321bb14-32d2-4310-8144-0b3f16cda573,机场,l2,交通与物流,t,0,e2cb008b-266d-4404-913f-542673838a69,,2026-07-13 10:34:40.024167+08,2026-07-13 10:34:40.024167+08
2d71e9db-362e-4f46-93b3-bb830739aa42,水运,l2,交通与物流,t,0,e2cb008b-266d-4404-913f-542673838a69,,2026-07-13 10:34:40.024167+08,2026-07-13 10:34:40.024167+08
5293cf4f-92b7-4688-8263-8a42a59a1979,港口,l2,交通与物流,t,0,e2cb008b-266d-4404-913f-542673838a69,,2026-07-13 10:34:40.024167+08,2026-07-13 10:34:40.024167+08
52aec859-b893-450b-a027-e67a924444a9,物流仓储,l2,交通与物流,t,0,e2cb008b-266d-4404-913f-542673838a69,,2026-07-13 10:34:40.024167+08,2026-07-21 15:34:30.493343+08
a1b590b5-9b92-43b6-b37d-13c71d139e91,物流运输,l2,交通与物流,t,0,e2cb008b-266d-4404-913f-542673838a69,,2026-07-13 10:34:40.024167+08,2026-07-13 10:34:40.024167+08
9cc3877c-1e6f-4a87-b419-29a1443fe576,航空运输,l2,交通与物流,t,0,e2cb008b-266d-4404-913f-542673838a69,,2026-07-13 10:34:40.024167+08,2026-07-13 10:34:40.024167+08
460a10c5-dd9c-4d0c-8469-d760a881b6e6,轨道交通,l2,交通与物流,t,0,e2cb008b-266d-4404-913f-542673838a69,,2026-07-13 10:34:40.024167+08,2026-07-13 10:34:40.024167+08
3595c081-5167-418e-a3ea-bdde265c0902,铁路,l2,交通与物流,t,0,e2cb008b-266d-4404-913f-542673838a69,,2026-07-13 10:34:40.024167+08,2026-07-13 10:34:40.024167+08
936dfb07-644e-4218-9760-af59f0ab7853,PCB,l2,信息技术与通信,t,0,bfc7c68e-78a5-4de2-8c4b-bbf0fa0d4f9a,,2026-07-13 10:34:40.024167+08,2026-07-21 15:34:30.493343+08
f1d8ed19-3cca-4c06-bc84-de43ab0ffb89,云计算,l2,信息技术与通信,t,0,bfc7c68e-78a5-4de2-8c4b-bbf0fa0d4f9a,,2026-07-13 10:34:40.024167+08,2026-07-21 15:34:30.493343+08
5cf89929-5bcd-456c-942a-3b0b9773659b,互联网,l2,信息技术与通信,t,0,bfc7c68e-78a5-4de2-8c4b-bbf0fa0d4f9a,,2026-07-13 10:34:40.024167+08,2026-07-21 15:34:30.493343+08
f7f5d071-f755-485e-88e3-ab125378f00c,互联网服务,l2,信息技术与通信,t,0,bfc7c68e-78a5-4de2-8c4b-bbf0fa0d4f9a,,2026-07-13 10:34:40.024167+08,2026-07-13 10:34:40.024167+08
6066d93c-efb4-4c10-a77c-ceccc9875d57,人工智能,l2,信息技术与通信,t,0,bfc7c68e-78a5-4de2-8c4b-bbf0fa0d4f9a,,2026-07-13 10:34:40.024167+08,2026-07-13 10:34:40.024167+08
d510d573-0ad8-41f6-bbc3-cb07f1a254bd,光电子,l2,信息技术与通信,t,0,bfc7c68e-78a5-4de2-8c4b-bbf0fa0d4f9a,,2026-07-13 10:34:40.024167+08,2026-07-21 15:34:30.493343+08
cba7700d-2814-4bb7-917a-195acc5db5f2,光通信,l2,信息技术与通信,t,0,bfc7c68e-78a5-4de2-8c4b-bbf0fa0d4f9a,,2026-07-13 10:34:40.024167+08,2026-07-21 15:34:30.493343+08
e4f623a0-ab1a-4bbf-999c-a19e00905541,北斗,l2,信息技术与通信,t,0,bfc7c68e-78a5-4de2-8c4b-bbf0fa0d4f9a,,2026-07-13 10:34:40.024167+08,2026-07-21 15:34:30.493343+08
b4a553b7-6754-4dab-8ed8-d849482a580a,北斗与卫星应用,l2,信息技术与通信,t,0,bfc7c68e-78a5-4de2-8c4b-bbf0fa0d4f9a,,2026-07-13 10:34:40.024167+08,2026-07-13 10:34:40.024167+08
76057842-7785-4718-a0b4-dad0ccb91b35,半导体,l2,信息技术与通信,t,0,bfc7c68e-78a5-4de2-8c4b-bbf0fa0d4f9a,,2026-07-13 10:34:40.024167+08,2026-07-21 15:34:30.493343+08
c72e86b1-1f0f-42d0-9762-f54cb2872e20,半导体与集成电路,l2,信息技术与通信,t,0,bfc7c68e-78a5-4de2-8c4b-bbf0fa0d4f9a,,2026-07-13 10:34:40.024167+08,2026-07-13 10:34:40.024167+08
08e611a7-9ef4-4bc0-840f-eccb69cee963,卫星应用,l2,信息技术与通信,t,0,bfc7c68e-78a5-4de2-8c4b-bbf0fa0d4f9a,,2026-07-13 10:34:40.024167+08,2026-07-21 15:34:30.493343+08
06214113-ce6a-4439-b234-88a942185cef,大数据,l2,信息技术与通信,t,0,bfc7c68e-78a5-4de2-8c4b-bbf0fa0d4f9a,,2026-07-13 10:34:40.024167+08,2026-07-21 15:34:30.493343+08
8aa5738f-a4dd-40b2-92a1-c25479527b77,工业互联网,l2,信息技术与通信,t,0,bfc7c68e-78a5-4de2-8c4b-bbf0fa0d4f9a,,2026-07-13 10:34:40.024167+08,2026-07-21 15:34:30.493343+08
46be7850-4bf1-43be-bbcc-9c8a1c10773d,智慧城市,l2,信息技术与通信,t,0,bfc7c68e-78a5-4de2-8c4b-bbf0fa0d4f9a,,2026-07-13 10:34:40.024167+08,2026-07-13 10:34:40.024167+08
16c13bb8-5e54-40b0-957d-4b712ae23bd5,电子,l2,信息技术与通信,t,0,bfc7c68e-78a5-4de2-8c4b-bbf0fa0d4f9a,,2026-07-13 10:34:40.024167+08,2026-07-21 15:34:30.493343+08
262840f6-4b4d-4c61-855a-feb2ec2623e8,电子元件,l2,信息技术与通信,t,0,bfc7c68e-78a5-4de2-8c4b-bbf0fa0d4f9a,,2026-07-13 10:34:40.024167+08,2026-07-13 10:34:40.024167+08
a73002b0-1c7f-4ed6-81b4-08eef17dccb0,算力与数据中心,l2,信息技术与通信,t,0,bfc7c68e-78a5-4de2-8c4b-bbf0fa0d4f9a,,2026-07-13 10:34:40.024167+08,2026-07-13 10:34:40.024167+08
801743a4-34b0-42e2-90ad-02c73e86da98,网络安全,l2,信息技术与通信,t,0,bfc7c68e-78a5-4de2-8c4b-bbf0fa0d4f9a,,2026-07-13 10:34:40.024167+08,2026-07-13 10:34:40.024167+08
cf3cfec7-4ac8-432b-8406-9f914aee0f57,芯片,l2,信息技术与通信,t,0,bfc7c68e-78a5-4de2-8c4b-bbf0fa0d4f9a,,2026-07-13 10:34:40.024167+08,2026-07-21 15:34:30.493343+08
4bceb826-52cc-4b1b-a324-03d24a08c3ee,软件,l2,信息技术与通信,t,0,bfc7c68e-78a5-4de2-8c4b-bbf0fa0d4f9a,,2026-07-13 10:34:40.024167+08,2026-07-21 15:34:30.493343+08
e9f8db06-2b6d-42da-921f-e00eac241894,软件与信息化服务,l2,信息技术与通信,t,0,bfc7c68e-78a5-4de2-8c4b-bbf0fa0d4f9a,,2026-07-13 10:34:40.024167+08,2026-07-13 10:34:40.024167+08
af4b9a0c-e732-4476-aa6c-8634eb8786f5,运营商,l2,信息技术与通信,t,0,bfc7c68e-78a5-4de2-8c4b-bbf0fa0d4f9a,,2026-07-13 10:34:40.024167+08,2026-07-13 10:34:40.024167+08
9642c794-b425-423c-8ed7-ce0ccbc97244,通信,l2,信息技术与通信,t,0,bfc7c68e-78a5-4de2-8c4b-bbf0fa0d4f9a,,2026-07-13 10:34:40.024167+08,2026-07-21 15:34:30.493343+08
4e6aa2f5-d6ee-4890-bc1e-7ab9014e0c1e,通信设备,l2,信息技术与通信,t,0,bfc7c68e-78a5-4de2-8c4b-bbf0fa0d4f9a,,2026-07-13 10:34:40.024167+08,2026-07-13 10:34:40.024167+08
55013477-a6f2-47bb-a336-731e20bf4619,集成电路,l2,信息技术与通信,t,0,bfc7c68e-78a5-4de2-8c4b-bbf0fa0d4f9a,,2026-07-13 10:34:40.024167+08,2026-07-21 15:34:30.493343+08
fdce8dd1-7bc0-457e-8293-4ba6c49e61a6,农业,l2,农林牧渔,t,0,425e9594-9f0c-4b1e-97f8-32e0bdec4c09,,2026-07-13 10:34:40.024167+08,2026-07-13 10:34:40.024167+08
feb3bd54-1dca-43a1-bd10-43a0457c9c83,农垦,l2,农林牧渔,t,0,425e9594-9f0c-4b1e-97f8-32e0bdec4c09,,2026-07-13 10:34:40.024167+08,2026-07-13 10:34:40.024167+08
36993e56-a3a2-4646-8c47-a7de9001ee49,渔业,l2,农林牧渔,t,0,425e9594-9f0c-4b1e-97f8-32e0bdec4c09,,2026-07-13 10:34:40.024167+08,2026-07-13 10:34:40.024167+08
1e11cc81-b0a0-4685-b34a-1204c1977ed5,畜牧业,l2,农林牧渔,t,0,425e9594-9f0c-4b1e-97f8-32e0bdec4c09,,2026-07-13 10:34:40.024167+08,2026-07-13 10:34:40.024167+08
b26863da-1409-4264-a859-f1879c997e76,低空经济,l2,制造与工业,t,0,45932d9b-0c5b-4eaf-abd6-f4f87f4c882f,,2026-07-13 10:34:40.024167+08,2026-07-21 15:34:30.493343+08
0ed01f3a-981f-4a56-a9d2-f22af7206fdc,化工,l2,制造与工业,t,0,45932d9b-0c5b-4eaf-abd6-f4f87f4c882f,,2026-07-13 10:34:40.024167+08,2026-07-13 10:34:40.024167+08
45ac2e12-4b1d-4bae-8d67-5f29ee836be0,家电电器,l2,制造与工业,t,0,45932d9b-0c5b-4eaf-abd6-f4f87f4c882f,,2026-07-13 10:34:40.024167+08,2026-07-13 10:34:40.024167+08
7156f0a9-0fa6-4849-b7e8-76f5992a5314,整车制造,l2,制造与工业,t,0,45932d9b-0c5b-4eaf-abd6-f4f87f4c882f,,2026-07-13 10:34:40.024167+08,2026-07-13 10:34:40.024167+08
1adf43ef-611f-495b-b288-297dbf4c66e1,新材料,l2,制造与工业,t,0,45932d9b-0c5b-4eaf-abd6-f4f87f4c882f,,2026-07-13 10:34:40.024167+08,2026-07-13 10:34:40.024167+08
cd6e5e91-2c51-468c-9627-63dc6d6d8c3d,无人机,l2,制造与工业,t,0,45932d9b-0c5b-4eaf-abd6-f4f87f4c882f,,2026-07-13 10:34:40.024167+08,2026-07-21 15:34:30.493343+08
1a93c2f7-3ddb-43df-a7df-a65c6647b397,有色金属,l2,制造与工业,t,0,45932d9b-0c5b-4eaf-abd6-f4f87f4c882f,,2026-07-13 10:34:40.024167+08,2026-07-13 10:34:40.024167+08
c7996e7a-2566-46ba-a21b-53b01c920055,有色金属压铸,l2,制造与工业,t,0,45932d9b-0c5b-4eaf-abd6-f4f87f4c882f,,2026-07-13 10:34:40.024167+08,2026-07-21 15:34:30.493343+08
b6653d40-1d54-4b4c-8dfd-5eacc924d44d,有色金属及矿业,l2,制造与工业,t,0,45932d9b-0c5b-4eaf-abd6-f4f87f4c882f,,2026-07-13 10:34:40.024167+08,2026-07-21 15:34:30.493343+08
ec21bb4b-0128-43e4-b161-b5dbc8e73a3b,机器人,l2,制造与工业,t,0,45932d9b-0c5b-4eaf-abd6-f4f87f4c882f,,2026-07-13 10:34:40.024167+08,2026-07-13 10:34:40.024167+08
1b26ceeb-b67a-4ed8-a03e-19299eee8f2d,检测服务,l2,制造与工业,t,0,45932d9b-0c5b-4eaf-abd6-f4f87f4c882f,,2026-07-13 10:34:40.024167+08,2026-07-13 10:34:40.024167+08
8357b3cc-fe11-479d-9c6d-f3c84393d4a9,橡胶塑料,l2,制造与工业,t,0,45932d9b-0c5b-4eaf-abd6-f4f87f4c882f,,2026-07-13 10:34:40.024167+08,2026-07-13 10:34:40.024167+08
acc97a51-db77-4812-a1bb-708fdb550410,汽车,l2,制造与工业,t,0,45932d9b-0c5b-4eaf-abd6-f4f87f4c882f,,2026-07-13 10:34:40.024167+08,2026-07-21 15:34:30.493343+08
1540ddc8-9bbe-408c-8164-2576080f6ade,汽车销售与服务,l2,制造与工业,t,0,45932d9b-0c5b-4eaf-abd6-f4f87f4c882f,,2026-07-13 10:34:40.024167+08,2026-07-13 10:34:40.024167+08
b17aaa8e-1fd9-4ada-8cc5-3d2a999fc04c,汽车零部件,l2,制造与工业,t,0,45932d9b-0c5b-4eaf-abd6-f4f87f4c882f,,2026-07-13 10:34:40.024167+08,2026-07-13 10:34:40.024167+08
b4fdf40d-492a-42bf-a547-b282df405c19,测量测绘,l2,制造与工业,t,0,45932d9b-0c5b-4eaf-abd6-f4f87f4c882f,,2026-07-13 10:34:40.024167+08,2026-07-13 10:34:40.024167+08
3a02c2bb-3e64-4cd2-944a-c7429afc4583,海洋装备,l2,制造与工业,t,0,45932d9b-0c5b-4eaf-abd6-f4f87f4c882f,,2026-07-13 10:34:40.024167+08,2026-07-13 10:34:40.024167+08
e7e860a4-c529-4403-85be-f4121504e400,电线电缆,l2,制造与工业,t,0,45932d9b-0c5b-4eaf-abd6-f4f87f4c882f,,2026-07-13 10:34:40.024167+08,2026-07-13 10:34:40.024167+08
9392d193-1f27-4634-a10d-458a996f9a51,矿业,l2,制造与工业,t,0,45932d9b-0c5b-4eaf-abd6-f4f87f4c882f,,2026-07-13 10:34:40.024167+08,2026-07-21 15:34:30.493343+08
8047af49-8943-4b78-a001-28671847a89e,精细化工,l2,制造与工业,t,0,45932d9b-0c5b-4eaf-abd6-f4f87f4c882f,,2026-07-13 10:34:40.024167+08,2026-07-21 15:34:30.493343+08
c648d5ad-6c2f-424f-b16b-39a1360a131b,纺织,l2,制造与工业,t,0,45932d9b-0c5b-4eaf-abd6-f4f87f4c882f,,2026-07-13 10:34:40.024167+08,2026-07-13 10:34:40.024167+08
da2a3ab2-0928-49b1-8921-0270fa8ff86b,纺织业,l2,制造与工业,t,0,45932d9b-0c5b-4eaf-abd6-f4f87f4c882f,,2026-07-13 10:34:40.024167+08,2026-07-21 15:34:30.493343+08
d3a2fc73-f3cd-423e-8489-2742ed74e829,航空航天,l2,制造与工业,t,0,45932d9b-0c5b-4eaf-abd6-f4f87f4c882f,,2026-07-13 10:34:40.024167+08,2026-07-13 10:34:40.024167+08
bf460e7d-e9f0-4d46-b993-e01d3e9ebfa9,装备制造,l2,制造与工业,t,0,45932d9b-0c5b-4eaf-abd6-f4f87f4c882f,,2026-07-13 10:34:40.024167+08,2026-07-13 10:34:40.024167+08
25498cce-bd42-4352-9995-801795996dd9,采掘与矿业,l2,制造与工业,t,0,45932d9b-0c5b-4eaf-abd6-f4f87f4c882f,,2026-07-13 10:34:40.024167+08,2026-07-13 10:34:40.024167+08
1b1f7377-41f0-410d-8a98-d21abb166454,采矿业,l2,制造与工业,t,0,45932d9b-0c5b-4eaf-abd6-f4f87f4c882f,,2026-07-13 10:34:40.024167+08,2026-07-21 15:34:30.493343+08
5719fd0a-da38-4909-95ab-dcd44a46d83e,钢铁,l2,制造与工业,t,0,45932d9b-0c5b-4eaf-abd6-f4f87f4c882f,,2026-07-13 10:34:40.024167+08,2026-07-13 10:34:40.024167+08
732a8db7-ac50-426a-912d-b6245aa0da61,高端装备,l2,制造与工业,t,0,45932d9b-0c5b-4eaf-abd6-f4f87f4c882f,,2026-07-13 10:34:40.024167+08,2026-07-13 10:34:40.024167+08
b21a0a09-daa1-4764-a043-d688b287a9a9,制药,l2,医药与健康,t,0,8647abac-20c5-41b0-8b24-4f12657b9fd9,,2026-07-13 10:34:40.024167+08,2026-07-21 15:34:30.493343+08
85300048-b228-4e5d-9025-c4821b246a54,医疗器械,l2,医药与健康,t,0,8647abac-20c5-41b0-8b24-4f12657b9fd9,,2026-07-13 10:34:40.024167+08,2026-07-13 10:34:40.024167+08
ad888dad-0b0e-4789-9e1f-484252a39abd,医疗康养服务,l2,医药与健康,t,0,8647abac-20c5-41b0-8b24-4f12657b9fd9,,2026-07-13 10:34:40.024167+08,2026-07-13 10:34:40.024167+08
86c7b65b-7a20-4bdc-acd9-cbf8898ec733,医疗研发外包,l2,医药与健康,t,0,8647abac-20c5-41b0-8b24-4f12657b9fd9,,2026-07-13 10:34:40.024167+08,2026-07-13 10:34:40.024167+08
70a0900d-7bce-4396-b73e-1260d0caafc6,医美,l2,医药与健康,t,0,8647abac-20c5-41b0-8b24-4f12657b9fd9,,2026-07-13 10:34:40.024167+08,2026-07-13 10:34:40.024167+08
e82e7466-acb0-4009-9ba3-41e9e9697df2,医药商业,l2,医药与健康,t,0,8647abac-20c5-41b0-8b24-4f12657b9fd9,,2026-07-13 10:34:40.024167+08,2026-07-21 15:34:30.493343+08
184b59bf-02ef-40eb-ad84-2023c8028c5e,医药流通,l2,医药与健康,t,0,8647abac-20c5-41b0-8b24-4f12657b9fd9,,2026-07-13 10:34:40.024167+08,2026-07-13 10:34:40.024167+08
1a407a27-5e73-4cd3-93bd-e5e6760bf8fb,医院,l2,医药与健康,t,0,8647abac-20c5-41b0-8b24-4f12657b9fd9,,2026-07-13 10:34:40.024167+08,2026-07-13 10:34:40.024167+08
54c98e5c-fc58-4add-a890-96daa8614e5a,康养,l2,医药与健康,t,0,8647abac-20c5-41b0-8b24-4f12657b9fd9,,2026-07-13 10:34:40.024167+08,2026-07-21 15:34:30.493343+08
ff2f5b58-b04c-4ca9-973b-d07f2142a0a9,生物制药,l2,医药与健康,t,0,8647abac-20c5-41b0-8b24-4f12657b9fd9,,2026-07-13 10:34:40.024167+08,2026-07-21 15:34:30.493343+08
1cc705cb-ecd8-464a-9ee4-d9655d899e5d,生物医药,l2,医药与健康,t,0,8647abac-20c5-41b0-8b24-4f12657b9fd9,,2026-07-13 10:34:40.024167+08,2026-07-13 10:34:40.024167+08
965d3b7f-9582-4e82-b502-f3bc4d5d9832,生物技术,l2,医药与健康,t,0,8647abac-20c5-41b0-8b24-4f12657b9fd9,,2026-07-13 10:34:40.024167+08,2026-07-21 15:34:30.493343+08
63af2031-9866-43fa-a220-6030c1ddbeb1,药品生产,l2,医药与健康,t,0,8647abac-20c5-41b0-8b24-4f12657b9fd9,,2026-07-13 10:34:40.024167+08,2026-07-13 10:34:40.024167+08
3b63759c-de6f-465e-9879-8e6b68012120,咨询,l2,商务与专业服务,t,0,e02a6e07-abb9-4e14-b550-eccefd7b23af,,2026-07-13 10:34:40.024167+08,2026-07-21 15:34:30.493343+08
1db3ccb7-5a1f-45e8-b48a-98ac731bf2fe,咨询服务,l2,商务与专业服务,t,0,e02a6e07-abb9-4e14-b550-eccefd7b23af,,2026-07-13 10:34:40.024167+08,2026-07-13 10:34:40.024167+08
64cd37ca-d732-4dac-9c46-e004dde485f7,商务服务,l2,商务与专业服务,t,0,e02a6e07-abb9-4e14-b550-eccefd7b23af,,2026-07-13 10:34:40.024167+08,2026-07-13 10:34:40.024167+08
6fbb5469-9fa8-4211-a774-c3d733d677ed,资产管理,l2,商务与专业服务,t,0,e02a6e07-abb9-4e14-b550-eccefd7b23af,,2026-07-13 10:34:40.024167+08,2026-07-13 10:34:40.024167+08
dfc2c056-afa6-46e6-87d5-d0ada1f2e8bb,休闲食品,l2,商贸与消费,t,0,8e463190-5368-4068-bb97-6bba70f3cb4f,,2026-07-13 10:34:40.024167+08,2026-07-13 10:34:40.024167+08
4ff749c0-29cf-46e2-92cc-e31e3d744c43,农产品加工,l2,商贸与消费,t,0,8e463190-5368-4068-bb97-6bba70f3cb4f,,2026-07-13 10:34:40.024167+08,2026-07-13 10:34:40.024167+08
a3ca70e0-8ecb-4cfd-adf8-fbeb46d8ccf4,批发,l2,商贸与消费,t,0,8e463190-5368-4068-bb97-6bba70f3cb4f,,2026-07-13 10:34:40.024167+08,2026-07-13 10:34:40.024167+08
78e078df-9780-4698-bc8e-0a14e5932ace,日化美妆,l2,商贸与消费,t,0,8e463190-5368-4068-bb97-6bba70f3cb4f,,2026-07-13 10:34:40.024167+08,2026-07-13 10:34:40.024167+08
fa847045-f4c9-4d86-a555-0e008f155044,服装鞋帽,l2,商贸与消费,t,0,8e463190-5368-4068-bb97-6bba70f3cb4f,,2026-07-13 10:34:40.024167+08,2026-07-13 10:34:40.024167+08
1edc541e-c987-4718-8624-93d5d1033914,珠宝奢侈品,l2,商贸与消费,t,0,8e463190-5368-4068-bb97-6bba70f3cb4f,,2026-07-13 10:34:40.024167+08,2026-07-13 10:34:40.024167+08
abd5ee3c-672d-4946-95e8-1fbbbffb6f25,电商,l2,商贸与消费,t,0,8e463190-5368-4068-bb97-6bba70f3cb4f,,2026-07-13 10:34:40.024167+08,2026-07-21 15:34:30.493343+08
453b7f84-d424-41bc-9b98-342782bd755a,盐业,l2,商贸与消费,t,0,8e463190-5368-4068-bb97-6bba70f3cb4f,,2026-07-13 10:34:40.024167+08,2026-07-13 10:34:40.024167+08
b4cb8378-3bd3-4824-b239-5320d760b8d9,粮油食品,l2,商贸与消费,t,0,8e463190-5368-4068-bb97-6bba70f3cb4f,,2026-07-13 10:34:40.024167+08,2026-07-13 10:34:40.024167+08
c5b9aa22-cba2-481c-87b5-2f4e39121a77,贸易,l2,商贸与消费,t,0,8e463190-5368-4068-bb97-6bba70f3cb4f,,2026-07-13 10:34:40.024167+08,2026-07-13 10:34:40.024167+08
b2aaf92a-8589-4229-bbc3-1ee6edc41393,跨境电商,l2,商贸与消费,t,0,8e463190-5368-4068-bb97-6bba70f3cb4f,,2026-07-13 10:34:40.024167+08,2026-07-13 10:34:40.024167+08
2ace82fc-da01-42f7-8541-3cbf5f376475,酒水饮料,l2,商贸与消费,t,0,8e463190-5368-4068-bb97-6bba70f3cb4f,,2026-07-13 10:34:40.024167+08,2026-07-13 10:34:40.024167+08
82044455-ae48-452c-8bf3-d3025801b152,零售,l2,商贸与消费,t,0,8e463190-5368-4068-bb97-6bba70f3cb4f,,2026-07-13 10:34:40.024167+08,2026-07-13 10:34:40.024167+08
2cc341c0-3741-46a0-832b-1087a872a371,食品,l2,商贸与消费,t,0,8e463190-5368-4068-bb97-6bba70f3cb4f,,2026-07-13 10:34:40.024167+08,2026-07-21 15:34:30.493343+08
5a579cde-5116-4c3c-89a1-5b3da34ff753,食品制造,l2,商贸与消费,t,0,8e463190-5368-4068-bb97-6bba70f3cb4f,,2026-07-13 10:34:40.024167+08,2026-07-21 15:34:30.493343+08
3376cac9-41f5-48e6-82bb-052493812453,食品加工,l2,商贸与消费,t,0,8e463190-5368-4068-bb97-6bba70f3cb4f,,2026-07-13 10:34:40.024167+08,2026-07-13 10:34:40.024167+08
c3872538-bf46-4095-b039-fe5759c8b3d6,餐饮,l2,商贸与消费,t,0,8e463190-5368-4068-bb97-6bba70f3cb4f,,2026-07-13 10:34:40.024167+08,2026-07-13 10:34:40.024167+08
ad17db2c-b577-4e7c-9831-4493e9baae4e,产业园区,l2,房地产与建筑,t,0,3a41e089-9a97-4bab-9916-c9cfd2d73c80,,2026-07-13 10:34:40.024167+08,2026-07-13 10:34:40.024167+08
1435c4c6-4e0e-418d-b293-29694d6b754d,家居建材,l2,房地产与建筑,t,0,3a41e089-9a97-4bab-9916-c9cfd2d73c80,,2026-07-13 10:34:40.024167+08,2026-07-13 10:34:40.024167+08
7c8d46a9-4145-4d02-a7b7-12a59ba27531,建材,l2,房地产与建筑,t,0,3a41e089-9a97-4bab-9916-c9cfd2d73c80,,2026-07-13 10:34:40.024167+08,2026-07-21 15:34:30.493343+08
d098dfce-f2b2-472f-849b-b80c7dc2fee7,建材家居,l2,房地产与建筑,t,0,3a41e089-9a97-4bab-9916-c9cfd2d73c80,,2026-07-13 10:34:40.024167+08,2026-07-21 15:34:30.493343+08
758e0742-71a1-4188-b2ed-f5d047fef420,建筑施工,l2,房地产与建筑,t,0,3a41e089-9a97-4bab-9916-c9cfd2d73c80,,2026-07-13 10:34:40.024167+08,2026-07-13 10:34:40.024167+08
1323a1fe-6057-498d-b626-de7658564e44,房地产,l2,房地产与建筑,t,0,3a41e089-9a97-4bab-9916-c9cfd2d73c80,,2026-07-13 10:34:40.024167+08,2026-07-13 10:34:40.024167+08
47024210-e8a7-46fa-968c-c5b7a0aa26d2,物业管理,l2,房地产与建筑,t,0,3a41e089-9a97-4bab-9916-c9cfd2d73c80,,2026-07-13 10:34:40.024167+08,2026-07-13 10:34:40.024167+08
2084ffb2-8bb8-46b0-a24c-cf97a56fa336,装饰装修,l2,房地产与建筑,t,0,3a41e089-9a97-4bab-9916-c9cfd2d73c80,,2026-07-13 10:34:40.024167+08,2026-07-13 10:34:40.024167+08
c7c81a1c-74a6-4b3a-9013-29332ace8449,设计监理与工程咨询,l2,房地产与建筑,t,0,3a41e089-9a97-4bab-9916-c9cfd2d73c80,,2026-07-13 10:34:40.024167+08,2026-07-13 10:34:40.024167+08
468a1c67-1014-4a6d-9984-94e7a7eb4525,人力资源服务,l2,教育与科研,t,0,2176b781-5701-420d-abe8-d9f3a4bb720b,,2026-07-13 10:34:40.024167+08,2026-07-13 10:34:40.024167+08
653d12ff-6612-44ba-bc40-df2000b35de9,教育培训,l2,教育与科研,t,0,2176b781-5701-420d-abe8-d9f3a4bb720b,,2026-07-13 10:34:40.024167+08,2026-07-13 10:34:40.024167+08
a8477849-577a-4d88-92af-46bb5242fff5,教育机构,l2,教育与科研,t,0,2176b781-5701-420d-abe8-d9f3a4bb720b,,2026-07-13 10:34:40.024167+08,2026-07-21 15:34:30.493343+08
b2c765ac-764f-4dc8-a8f8-5e6d2efe0587,科研院所,l2,教育与科研,t,0,2176b781-5701-420d-abe8-d9f3a4bb720b,,2026-07-13 10:34:40.024167+08,2026-07-13 10:34:40.024167+08
9c0f5dc4-b648-4d8e-b895-0607c820bf9c,职业教育,l2,教育与科研,t,0,2176b781-5701-420d-abe8-d9f3a4bb720b,,2026-07-13 10:34:40.024167+08,2026-07-21 15:34:30.493343+08
ffc59f9d-c8d1-41ad-bd7d-237ddda96063,高校院校,l2,教育与科研,t,0,2176b781-5701-420d-abe8-d9f3a4bb720b,,2026-07-13 10:34:40.024167+08,2026-07-13 10:34:40.024167+08
4b7f4089-833d-466f-bb4f-ec0ed69a710b,会展,l2,文化与传媒,t,0,040e7a76-b8b2-4efe-8848-40eec02426c2,,2026-07-13 10:34:40.024167+08,2026-07-13 10:34:40.024167+08
c19b6e72-3906-403c-bdfb-4af30b287c86,体育,l2,文化与传媒,t,0,040e7a76-b8b2-4efe-8848-40eec02426c2,,2026-07-13 10:34:40.024167+08,2026-07-21 15:34:30.493343+08
e41c7429-1c8b-45cc-b2f3-1be421ab0066,体育演艺与内容制作,l2,文化与传媒,t,0,040e7a76-b8b2-4efe-8848-40eec02426c2,,2026-07-13 10:34:40.024167+08,2026-07-13 10:34:40.024167+08
6bab4030-70d1-48a1-a005-69d324dfbe39,出版,l2,文化与传媒,t,0,040e7a76-b8b2-4efe-8848-40eec02426c2,,2026-07-13 10:34:40.024167+08,2026-07-13 10:34:40.024167+08
a9d500ed-7680-403c-af80-a6a0e5382104,广告传媒,l2,文化与传媒,t,0,040e7a76-b8b2-4efe-8848-40eec02426c2,,2026-07-13 10:34:40.024167+08,2026-07-13 10:34:40.024167+08
aca96f1d-cb9d-401c-8938-b57d0cb7a6e8,广电,l2,文化与传媒,t,0,040e7a76-b8b2-4efe-8848-40eec02426c2,,2026-07-13 10:34:40.024167+08,2026-07-13 10:34:40.024167+08
41c93fd7-ead5-4cff-b793-16951fa01b10,文化旅游,l2,文化与传媒,t,0,040e7a76-b8b2-4efe-8848-40eec02426c2,,2026-07-13 10:34:40.024167+08,2026-07-21 15:34:30.493343+08
d73fb34c-f6ce-41fa-9156-8ebced7dc6e7,文旅,l2,文化与传媒,t,0,040e7a76-b8b2-4efe-8848-40eec02426c2,,2026-07-13 10:34:40.024167+08,2026-07-21 15:34:30.493343+08
84e2979d-f088-4815-bba4-42da0e0db330,旅游,l2,文化与传媒,t,0,040e7a76-b8b2-4efe-8848-40eec02426c2,,2026-07-13 10:34:40.024167+08,2026-07-13 10:34:40.024167+08
2c21acd0-6a03-451b-818b-988a74b2915e,酒店,l2,文化与传媒,t,0,040e7a76-b8b2-4efe-8848-40eec02426c2,,2026-07-13 10:34:40.024167+08,2026-07-13 10:34:40.024167+08
cc46e223-1b98-4eb7-922f-b397636cba6d,水务,l2,环保与公用事业,t,0,33fa6943-530a-46d1-b51b-50b5df564b90,,2026-07-13 10:34:40.024167+08,2026-07-13 10:34:40.024167+08
8ccb7d5e-bf3e-4d15-a776-ca6db4aefc2e,燃气,l2,环保与公用事业,t,0,33fa6943-530a-46d1-b51b-50b5df564b90,,2026-07-13 10:34:40.024167+08,2026-07-13 10:34:40.024167+08
1b097aed-f079-4db9-84f8-23ad645d1b39,生态环保,l2,环保与公用事业,t,0,33fa6943-530a-46d1-b51b-50b5df564b90,,2026-07-13 10:34:40.024167+08,2026-07-13 10:34:40.024167+08
a51fb7de-c554-46e3-8642-222b23983669,储能,l2,能源,t,0,564b82a3-346d-49cb-b578-682b9a9bd702,,2026-07-13 10:34:40.024167+08,2026-07-13 10:34:40.024167+08
e6608a25-9e40-41df-a25f-e3d5a563db21,光伏,l2,能源,t,0,564b82a3-346d-49cb-b578-682b9a9bd702,,2026-07-13 10:34:40.024167+08,2026-07-13 10:34:40.024167+08
092d6a7b-6bca-4ac8-b088-c9479490936a,动力电池,l2,能源,t,0,564b82a3-346d-49cb-b578-682b9a9bd702,,2026-07-13 10:34:40.024167+08,2026-07-21 15:34:30.493343+08
6e68c50f-557d-4cff-800c-f443711d0cc3,发电,l2,能源,t,0,564b82a3-346d-49cb-b578-682b9a9bd702,,2026-07-13 10:34:40.024167+08,2026-07-13 10:34:40.024167+08
9f9aa32a-f46e-43cb-b7b3-2a00d853c7c8,售电,l2,能源,t,0,564b82a3-346d-49cb-b578-682b9a9bd702,,2026-07-13 10:34:40.024167+08,2026-07-13 10:34:40.024167+08
42bca3e0-d8ce-4f24-90b4-1d61aa359878,新能源,l2,能源,t,0,564b82a3-346d-49cb-b578-682b9a9bd702,,2026-07-13 10:34:40.024167+08,2026-07-21 15:34:30.493343+08
ca8cf35d-cc0d-4ffe-8c4f-0f774033ca02,新能源制造,l2,能源,t,0,564b82a3-346d-49cb-b578-682b9a9bd702,,2026-07-13 10:34:40.024167+08,2026-07-13 10:34:40.024167+08
b18507b2-a3cf-4dba-957b-cb577f235c9e,核电,l2,能源,t,0,564b82a3-346d-49cb-b578-682b9a9bd702,,2026-07-13 10:34:40.024167+08,2026-07-13 10:34:40.024167+08
45051304-3524-4124-a2d0-23a745ce67fd,氢能,l2,能源,t,0,564b82a3-346d-49cb-b578-682b9a9bd702,,2026-07-13 10:34:40.024167+08,2026-07-21 15:34:30.493343+08
b76538da-4eb6-4a81-abb3-a1b639c5f2ac,煤炭,l2,能源,t,0,564b82a3-346d-49cb-b578-682b9a9bd702,,2026-07-13 10:34:40.024167+08,2026-07-13 10:34:40.024167+08
311514ae-ee72-4976-b8ac-75177f14efb4,电力,l2,能源,t,0,564b82a3-346d-49cb-b578-682b9a9bd702,,2026-07-13 10:34:40.024167+08,2026-07-21 15:34:30.493343+08
24f32398-69e5-4e51-b0ee-b032f7f810ff,电力工程,l2,能源,t,0,564b82a3-346d-49cb-b578-682b9a9bd702,,2026-07-13 10:34:40.024167+08,2026-07-13 10:34:40.024167+08
e34376b3-65ad-44f4-9bcb-c0a3b104e3d4,电池,l2,能源,t,0,564b82a3-346d-49cb-b578-682b9a9bd702,,2026-07-13 10:34:40.024167+08,2026-07-21 15:34:30.493343+08
7626af88-d234-44e1-92b1-341e8ebc8040,电网,l2,能源,t,0,564b82a3-346d-49cb-b578-682b9a9bd702,,2026-07-13 10:34:40.024167+08,2026-07-13 10:34:40.024167+08
d3d6e3f4-a15a-44d3-950c-722a2d4d8136,石油石化,l2,能源,t,0,564b82a3-346d-49cb-b578-682b9a9bd702,,2026-07-13 10:34:40.024167+08,2026-07-13 10:34:40.024167+08
b900afd8-9fed-47d5-bc57-ab35767ec11f,综合能源服务,l2,能源,t,0,564b82a3-346d-49cb-b578-682b9a9bd702,,2026-07-13 10:34:40.024167+08,2026-07-13 10:34:40.024167+08
ebf526ac-8a33-4f0f-a7f1-4a0c9def599d,风电,l2,能源,t,0,564b82a3-346d-49cb-b578-682b9a9bd702,,2026-07-13 10:34:40.024167+08,2026-07-13 10:34:40.024167+08
3868aeb5-6851-4c0b-8d9f-ec7cec2383e3,交易所,l2,金融,t,0,cb0af43c-6273-4454-baa5-5a9a83a00df7,,2026-07-13 10:34:40.024167+08,2026-07-13 10:34:40.024167+08
5249e115-8539-4839-8f50-ef519bc03863,保险,l2,金融,t,0,cb0af43c-6273-4454-baa5-5a9a83a00df7,,2026-07-13 10:34:40.024167+08,2026-07-13 10:34:40.024167+08
e30a39b9-b311-423e-b043-8dd0efb0f584,控股平台,l2,金融,t,0,cb0af43c-6273-4454-baa5-5a9a83a00df7,,2026-07-13 10:34:40.024167+08,2026-07-13 10:34:40.024167+08
fcac6201-4506-454e-8fbc-540f860a9f6b,期货,l2,金融,t,0,cb0af43c-6273-4454-baa5-5a9a83a00df7,,2026-07-13 10:34:40.024167+08,2026-07-13 10:34:40.024167+08
6f96a4a5-a9e6-467a-ba30-d22c9b3f9dc6,证券,l2,金融,t,0,cb0af43c-6273-4454-baa5-5a9a83a00df7,,2026-07-13 10:34:40.024167+08,2026-07-13 10:34:40.024167+08
e9b05afc-a42f-400c-ade0-570d362d99c0,金融科技,l2,金融,t,0,cb0af43c-6273-4454-baa5-5a9a83a00df7,,2026-07-13 10:34:40.024167+08,2026-07-13 10:34:40.024167+08
08f16d62-f9a5-45f4-b8e2-ed13cd8e5c23,银行,l2,金融,t,0,cb0af43c-6273-4454-baa5-5a9a83a00df7,,2026-07-13 10:34:40.024167+08,2026-07-13 10:34:40.024167+08
